<UpdateManifest xmlns="urn:AVSyncer.Updates">
  <Manifest Archived="false" ForceUpdate="false">
    <LatestAvailableVersion>0.4.0.349</LatestAvailableVersion>
    <ImageName>AVSyncer.exe</ImageName>
    <AssemblyFullName>AVSyncer, Version=0.4.0.349, Culture=neutral, PublicKeyToken=null</AssemblyFullName>
    <TimeStamp>2012-09-13T21:56:13.7965856+08:00</TimeStamp>
    <Hash>D7F012DA303EDB6D1F4041C39DAC2912D757E6099B92B2044C0F998F5AB3A195</Hash>
    <HashType>System.Security.Cryptography.SHA256CryptoServiceProvider</HashType>
  </Manifest>
  <Manifest Archived="false" ForceUpdate="false">
    <LatestAvailableVersion>0.4.0.363</LatestAvailableVersion>
    <ImageName>AVSyncerPlugin.dll</ImageName>
    <AssemblyFullName>AVSyncerPlugin, Version=0.4.0.363, Culture=neutral, PublicKeyToken=null</AssemblyFullName>
    <TimeStamp>2012-09-13T21:56:12.8715327+08:00</TimeStamp>
    <Hash>C0DE111629E85B01E534F5B99BAE63D64709B787A2AA6A9850AE8150402D7A0B</Hash>
    <HashType>System.Security.Cryptography.SHA256CryptoServiceProvider</HashType>
  </Manifest>
  <Manifest Archived="false" ForceUpdate="true">
    <LatestAvailableVersion>1.9.1.5</LatestAvailableVersion>
    <ImageName>Ionic.Zip.Reduced.dll</ImageName>
    <AssemblyFullName>Ionic.Zip.Reduced, Version=1.9.1.5, Culture=neutral, PublicKeyToken=edbe51ad942a3f5c</AssemblyFullName>
    <TimeStamp>2010-12-08T14:47:12+08:00</TimeStamp>
    <Hash>BF27826F955A75C04C257DB28BC2F8B793EFA1810EF416E7EBF5A519E5FD2EA4</Hash>
    <HashType>System.Security.Cryptography.SHA256CryptoServiceProvider</HashType>
  </Manifest>
  <Manifest Archived="false" ForceUpdate="true">
    <LatestAvailableVersion>1.2.10.0</LatestAvailableVersion>
    <ImageName>log4net.dll</ImageName>
    <AssemblyFullName>log4net, Version=1.2.10.0, Culture=neutral, PublicKeyToken=1b44e1d426115821</AssemblyFullName>
    <TimeStamp>2011-07-17T20:06:00+08:00</TimeStamp>
    <Hash>27D26AAB42F7CAB35BF51D0536C67ED553FC97B670226B868805E7C6927E5C87</Hash>
    <HashType>System.Security.Cryptography.SHA256CryptoServiceProvider</HashType>
  </Manifest>
  <Manifest Archived="true" ForceUpdate="false">
    <LatestAvailableVersion>2012.9.13.1317</LatestAvailableVersion>
    <ImageName>uncAV.xml.zip</ImageName>
    <AssemblyFullName>uncAV.xml.zip, version=2012.9.13.1317</AssemblyFullName>
    <TimeStamp>2012-09-13T21:57:19.804361+08:00</TimeStamp>
    <Hash>85948BF6FF63C57E7008A4361D509BF3BA1F8CFCA071FC0CBE59DD6AC782D349</Hash>
    <HashType>System.Security.Cryptography.SHA256CryptoServiceProvider</HashType>
  </Manifest>
  <CodeBase>http://ghchen.twbbs.org/AVSyncer/CurrentVersion</CodeBase>
<Signature xmlns="http://www.w3.org/2000/09/xmldsig#"><SignedInfo><CanonicalizationMethod Algorithm="http://www.w3.org/TR/2001/REC-xml-c14n-20010315" /><SignatureMethod Algorithm="http://www.w3.org/2000/09/xmldsig#rsa-sha1" /><Reference URI=""><Transforms><Transform Algorithm="http://www.w3.org/2000/09/xmldsig#enveloped-signature" /></Transforms><DigestMethod Algorithm="http://www.w3.org/2000/09/xmldsig#sha1" /><DigestValue>X4j4xBvBsYa+nrTfmnd2VEh8bDg=</DigestValue></Reference></SignedInfo><SignatureValue>x96hctrHJ5Srr4/xQRJzMT8qTozAsYzu7mWICMAdjLxIVezNTRnRq9c+M7CeELn9tg4YGFeaaljWHSo1R3idYhs3YlDtDj1kLJziXGlccimG0TrIEXUC2du/zNpLwHBuEd3r8z3LDJfx3umi4lJfEGLGAgKR/RJWkRzZQ7nWyGk=</SignatureValue></Signature></UpdateManifest>